1,zwq,"[-0.140537291765213, 0.15372340381145477, 0.04473549500107765, -0.024553878232836723, -0.10416784137487411, -0.0016117291525006294, -0.07788798213005066, -0.07983662933111191, 0.1053476557135582, -0.05233236402273178, 0.17582544684410095, -0.059617478400468826, -0.25977739691734314, -0.01249166950583458, -0.06569968163967133, 0.18753060698509216, -0.14883531630039215, -0.17166325449943542, -0.06462681293487549, 0.0007377434521913528, 0.08032456040382385, 0.038290344178676605, 0.007623150944709778, 0.038903504610061646, -0.07460658252239227, -0.4049452245235443, -0.061720769852399826, -0.09384062141180038, -0.05252132937312126, -0.057884860783815384, -0.05640879273414612, -0.027826247736811638, -0.23086601495742798, -0.05999758467078209, 0.05839772894978523, 0.05404277890920639, -0.02363424375653267, -0.025992117822170258, 0.1626456379890442, 0.0001360587775707245, -0.21900108456611633, -0.023706695064902306, 0.11078724265098572, 0.2665848433971405, 0.16838623583316803, 0.11038102954626083, 0.012941763736307621, -0.08819636702537537, 0.07015568017959595, -0.2239164561033249, 0.0777263343334198, 0.09960422664880753, 0.09858743101358414, 0.059607960283756256, 0.044111303985118866, -0.1695711314678192, 0.020030813291668892, 0.12000176310539246, -0.17192919552326202, 0.04948163777589798, 0.04678975045681, -0.08796282857656479, -0.03416593000292778, -0.0732186958193779, 0.31915944814682007, 0.10533425211906433, -0.0813191756606102, -0.1639518290758133, 0.1808258295059204, -0.12852203845977783, -0.07170075178146362, 0.026115691289305687, -0.09820625931024551, -0.16535161435604095, -0.3037184774875641, 0.023468561470508575, 0.44033780694007874, 0.09593702107667923, -0.19311979413032532, 0.04633346572518349, -0.0390004925429821, -0.010044747032225132, 0.07228853553533554, 0.06725214421749115, -0.08459070324897766, 0.042251672595739365, -0.09999393671751022, -0.0012835599482059479, 0.28309157490730286, -0.030500251799821854, -0.04910633713006973, 0.165536031126976, -0.035978637635707855, 0.012644218280911446, 0.08603248000144958, 0.01754024252295494, -0.07503946870565414, -0.013448389247059822, -0.18209809064865112, -0.05704937502741814, -0.001300634816288948, -0.09192532300949097, -0.037709254771471024, 0.1273019015789032, -0.20451882481575012, 0.05412818491458893, -0.022158704698085785, -0.04203466325998306, -0.04207425191998482, 0.04987180978059769, -0.12944230437278748, -0.07427847385406494, 0.14214186370372772, -0.23036636412143707, 0.2427622675895691, 0.17329441010951996, 0.056859008967876434, 0.1419076919555664, 0.07285820692777634, 0.06404027342796326, 0.009442140348255634, 0.0036278003826737404, -0.19943204522132874, -0.09212289750576019, 0.14454703032970428, -0.009465306997299194, 0.1129540279507637, 0.05125400796532631]"
1,zwq,"[-0.12580759823322296, 0.07558488845825195, 0.006407738197594881, -0.0665806457400322, -0.1414521038532257, -0.04539012163877487, -0.013575142249464989, -0.10443862527608871, 0.04624127596616745, 0.030902067199349403, 0.22512181103229523, -0.13412542641162872, -0.24368654191493988, -0.12060923874378204, 0.026848219335079193, 0.11167977750301361, -0.1097196415066719, -0.09015555679798126, -0.055231496691703796, -0.05158257111907005, 0.03958679363131523, 0.05134083703160286, -0.004340827465057373, 0.0597388856112957, -0.06154431775212288, -0.2994534969329834, -0.08114203810691833, -0.14443238079547882, 0.017712775617837906, -0.058758605271577835, -0.016727618873119354, 0.08579488098621368, -0.17721600830554962, -0.0812608003616333, 0.04458210617303848, 0.05829726904630661, -0.013074280694127083, 0.004310981370508671, 0.16336926817893982, -0.03623133525252342, -0.1654423475265503, -0.08825423568487167, 0.08664649724960327, 0.2395186573266983, 0.10783413797616959, 0.07119157910346985, 0.013165803626179695, -0.03811275213956833, 0.03231317177414894, -0.14850150048732758, 0.085147924721241, 0.1412144899368286, 0.11771278083324432, 0.003643210045993328, 0.06245879456400871, -0.14766718447208405, 0.009067234583199024, 0.09466109424829483, -0.20686118304729462, 0.01699925772845745, 0.02649732120335102, -0.031330958008766174, -0.07185465097427368, -0.0995989590883255, 0.2806602120399475, 0.09924594312906265, -0.055169522762298584, -0.13595683872699738, 0.1762033998966217, -0.13034392893314362, -0.10715559870004654, 0.09193463623523712, -0.14691591262817383, -0.13096491992473602, -0.3015606999397278, 0.014601134695112705, 0.37049055099487305, 0.05556623637676239, -0.21776098012924194, 0.030239319428801537, -0.039723288267850876, -0.07608612626791, 0.09365078061819077, 0.046081509441137314, -0.06925120949745178, 0.07010532170534134, -0.08820989727973938, 0.010593419894576073, 0.1779889613389969, -0.09222554415464401, 0.009141374379396439, 0.1902610957622528, 0.01689818874001503, 0.005293130874633789, 0.06339114159345627, -0.020778261125087738, 0.020345130935311317, -0.030894286930561066, -0.10622823238372803, -0.044535428285598755, 0.09294900298118591, -0.11320760846138, -0.011570182628929615, 0.1250152289867401, -0.21447992324829102, 0.0670091062784195, 0.04369870945811272, -0.04034634307026863, -0.06447778642177582, -0.03618766367435455, -0.04745995253324509, -0.06882622092962265, 0.1861945241689682, -0.2317722588777542, 0.1625673770904541, 0.13257776200771332, -0.011833294294774532, 0.09946420043706894, -0.0034243925474584103, 0.07221400737762451, -0.021705877035856247, -0.06437695026397705, -0.16324983537197113, -0.04847205430269241, 0.13247446715831757, -0.03352566063404083, 0.022911312058568, 0.05518650263547897]"
1,zwq,"[-0.11851919442415237, 0.08300968259572983, 0.06916875392198563, -0.052833739668130875, -0.13413222134113312, -0.07246171683073044, -0.005165961571037769, -0.09046962857246399, 0.0361148901283741, -0.018519701436161995, 0.1948051154613495, -0.14019997417926788, -0.2650271952152252, -0.095579132437706, 0.010017044842243195, 0.15787559747695923, -0.10626409202814102, -0.10413327068090439, -0.08482828736305237, 0.029722124338150024, 0.05038665607571602, 0.010380752384662628, 0.03559712693095207, 0.038515854626894, -0.02081947773694992, -0.37075939774513245, -0.025421537458896637, -0.07481043040752411, -0.05492851883172989, -0.0015812984202057123, -0.03630330041050911, 0.08515278995037079, -0.2227238565683365, -0.06618696451187134, 0.053845688700675964, 0.0778038278222084, -0.07487614452838898, -0.007618232164531946, 0.1707707792520523, -0.06947710365056992, -0.24854525923728943, -0.06683455407619476, 0.08662445098161697, 0.17774216830730438, 0.14821425080299377, 0.08321141451597214, 0.003652270883321762, -0.01077783852815628, 0.057943858206272125, -0.2489749938249588, 0.03191177919507027, 0.1587005853652954, 0.14686332643032074, 0.0003864048048853874, 0.06411433219909668, -0.12958751618862152, 0.015948813408613205, 0.10931969434022903, -0.18850676715373993, -0.017040753737092018, 0.02611439675092697, -0.058810293674468994, -0.04557305946946144, -0.1154995858669281, 0.2682555317878723, 0.09085621684789658, -0.12354526668787003, -0.06728212535381317, 0.17448174953460693, -0.12244312465190887, -0.051655642688274384, 0.05650349333882332, -0.13746041059494019, -0.19249145686626434, -0.29998505115509033, 0.0043195076286792755, 0.3537885844707489, 0.09128782898187637, -0.18832851946353912, -0.02016652375459671, -0.04355030134320259, 0.010353025048971176, 0.023087721318006516, 0.05131668969988823, -0.08310212194919586, 0.05437210574746132, -0.07490061968564987, -0.010407156310975552, 0.16844740509986877, -0.09722363948822021, -0.015842173248529434, 0.2076464742422104, 0.001472456380724907, 0.014527431689202785, 0.0022890735417604446, -0.03278743848204613, 0.036771539598703384, -0.042113132774829865, -0.14942185580730438, 0.010392776690423489, 0.04162917658686638, -0.13575951755046844, -0.021687347441911697, 0.13495421409606934, -0.21788372099399567, 0.03252124413847923, -0.018959129229187965, -0.009829849004745483, -0.027320601046085358, 0.014908865094184875, -0.08098091930150986, -0.0878961980342865, 0.09761100262403488, -0.2196359932422638, 0.1923711895942688, 0.1879790723323822, -0.0235547237098217, 0.0916362851858139, 0.029297973960638046, 0.044591836631298065, 0.019043806940317154, -0.04983215034008026, -0.15305683016777039, -0.12050172686576843, 0.15686793625354767, 0.0009877081029117107, 0.037777647376060486, 0.04036669433116913]"
1,yik,"[-0.11575675010681152, 0.08532708138227463, 0.0767785832285881, -0.010439210571348667, -0.07583119720220566, -0.07592323422431946, -0.0702950730919838, -0.10464916378259659, 0.08377685397863388, -0.040018096566200256, 0.2958337068557739, -0.06437242776155472, -0.21989785134792328, -0.10200022906064987, -0.00842895545065403, 0.17100641131401062, -0.17876482009887695, -0.11016404628753662, -0.037725724279880524, -0.004945115186274052, 0.04365392029285431, 0.03122003562748432, 0.07391373813152313, 0.03683312609791756, -0.13469922542572021, -0.38816508650779724, -0.09204018115997314, -0.15064167976379395, -0.04069541022181511, -0.03131227195262909, -0.05820237472653389, 0.023170214146375656, -0.20460204780101776, -0.0692143365740776, 0.04251867160201073, 0.049817975610494614, 0.020241189748048782, -0.02421555295586586, 0.19257663190364838, 0.01669282838702202, -0.19445304572582245, -0.030590472742915154, 0.01762315444648266, 0.26077327132225037, 0.2066340446472168, 0.02327861450612545, 0.07617179304361343, -0.12955020368099213, 0.04565572738647461, -0.17010456323623657, 0.11071189492940903, 0.1143626794219017, 0.09556548297405243, 0.02328532747924328, -0.01573285087943077, -0.08125713467597961, -0.009185884147882462, 0.05952241271734238, -0.14104996621608734, -0.011195791885256767, 0.11587801575660706, -0.038685042411088943, -0.07293948531150818, -0.07358364760875702, 0.26708748936653137, 0.08414007723331451, -0.09991464018821716, -0.15035675466060638, 0.1309324949979782, -0.12168367952108383, -0.09702868014574051, 0.03962007910013199, -0.19329623878002167, -0.16321392357349396, -0.3605349361896515, 0.030513525009155273, 0.4254988431930542, 0.04499172046780586, -0.21400021016597748, 0.04880041256546974, -0.10121472924947739, -0.001813285518437624, 0.09483543783426285, 0.11315693706274033, -0.009977869689464569, 0.06806985288858414, -0.0715852603316307, 0.08536836504936218, 0.2207375466823578, -0.10793757438659668, -0.054418209940195084, 0.17460642755031586, -0.030078934505581856, 0.04694551229476929, 0.09210152179002762, 0.028329815715551376, 0.025192273780703545, 0.013638118281960487, -0.11314553022384644, 0.019664280116558075, 0.062005698680877686, -0.021362952888011932, -0.0003332691267132759, 0.09509828686714172, -0.18230946362018585, 0.0776967704296112, 0.010111031122505665, -0.024441881105303764, 0.04500224441289902, -0.017842983826994896, -0.1021401435136795, -0.12059866636991501, 0.15543001890182495, -0.2118133157491684, 0.18658803403377533, 0.15453338623046875, 0.03190242871642113, 0.12578879296779633, 0.04217129573225975, 0.10437006503343582, -0.047093890607357025, 0.01162363588809967, -0.19334271550178528, -0.004321697633713484, 0.10685744136571884, 0.03488140553236008, 0.10326427221298218, 0.021162092685699463]"
1,yik,"[-0.09480143338441849, 0.1199992448091507, 0.07175386697053909, -0.0068489257246255875, -0.10479407012462616, -0.012871128506958485, -0.0793621763586998, -0.04375249892473221, 0.09073517471551895, -0.1124645471572876, 0.203206866979599, -0.029691534116864204, -0.24515506625175476, 0.02553049847483635, -0.04281473159790039, 0.12456941604614258, -0.10465791821479797, -0.047530531883239746, -0.13592667877674103, -0.1230417788028717, 0.048108119517564774, 0.05510033294558525, -0.035341180860996246, -0.004392175003886223, -0.057522207498550415, -0.27150237560272217, -0.028328323736786842, -0.026608945801854134, 0.03875495120882988, -0.07913419604301453, -0.025414373725652695, 0.06481900811195374, -0.1310478150844574, -0.028278760612010956, 0.014327260665595531, 0.09634895622730255, 0.001286872080527246, -0.07793932408094406, 0.1645439714193344, -0.018305379897356033, -0.14064274728298187, -0.03417249023914337, 0.06671327352523804, 0.24304237961769104, 0.14239415526390076, 0.03684717416763306, 0.0021715816110372543, -0.05381399020552635, 0.11235570162534714, -0.2432604432106018, 0.021740823984146118, 0.16257919371128082, 0.05092734470963478, 0.13030266761779785, 0.0373150072991848, -0.18952515721321106, 0.053444404155015945, 0.08818276226520538, -0.08622975647449493, 0.023584257811307907, 0.05326808989048004, -0.1281050741672516, -0.055683035403490067, -0.10794232040643692, 0.21580646932125092, 0.10296664386987686, -0.07831446081399918, -0.16591455042362213, 0.12803655862808228, -0.13746991753578186, -0.10196647047996521, 0.04286586120724678, -0.13382555544376373, -0.10463853180408478, -0.2624695599079132, 0.050330184400081635, 0.36421409249305725, 0.18011675775051117, -0.14692483842372894, 0.031930871307849884, -0.06360836327075958, -0.04516235366463661, 0.06486759334802628, 0.09732794016599655, -0.0446770116686821, -0.015536509454250336, -0.05682128667831421, 0.046681441366672516, 0.21447238326072693, -0.03553738817572594, -0.03663230687379837, 0.19553595781326294, 0.015947047621011734, 0.03882940486073494, -0.01235637255012989, 0.012843683362007141, -0.10033171623945236, -0.011322855949401855, -0.08519895374774933, -0.025020955130457878, 0.1151924803853035, -0.11898920685052872, 0.016523996368050575, 0.12925396859645844, -0.2068278193473816, 0.14419695734977722, -0.040404416620731354, 0.05285250023007393, 0.07807409763336182, 0.03214101120829582, -0.06558500975370407, -0.012563973665237427, 0.18324632942676544, -0.17557112872600555, 0.20528194308280945, 0.1980486512184143, 0.06220151111483574, 0.12186294794082642, 0.10948281735181808, 0.12680619955062866, 0.022878363728523254, -0.0016360431909561157, -0.18059056997299194, -0.10967694967985153, 0.01232302375137806, -0.00793532095849514, -0.015955843031406403, 0.05867725610733032]"
1,yik,"[-0.10965412110090256, 0.06213156133890152, 0.09979275614023209, -0.01069081760942936, -0.11571819335222244, -0.024620406329631805, -0.06837233901023865, -0.012080900371074677, 0.15123265981674194, -0.10771474242210388, 0.15093018114566803, -0.0126627366989851, -0.20442114770412445, 0.01073995791375637, 0.021149877458810806, 0.09305157512426376, -0.07950837910175323, -0.04079391062259674, -0.08782130479812622, -0.12150650471448898, 0.02582692727446556, 0.06452974677085876, 0.011972293257713318, 0.035869210958480835, -0.0673467144370079, -0.3142082393169403, -0.07417721301317215, -0.09764479845762253, 0.05021060258150101, -0.06769610196352005, -0.026001937687397003, 0.049839820712804794, -0.09811147302389145, -0.02013852633535862, -0.004999739117920399, 0.09112561494112015, -0.02711750939488411, -0.06092112511396408, 0.1392909288406372, -0.035878513008356094, -0.13204924762248993, -0.10888610035181046, 0.0020477911457419395, 0.24189625680446625, 0.14568084478378296, 0.0409790463745594, 0.04773321747779846, -0.011542998254299164, 0.09209900349378586, -0.22442644834518433, 0.08282162249088287, 0.12156692147254944, 0.06076238676905632, 0.07282791286706924, 0.11680789291858673, -0.20135994255542755, 0.04018278047442436, 0.0737348347902298, -0.07351639866828918, 0.05901046469807625, 0.06557217240333557, -0.06208108365535736, -0.06564389914274216, -0.08572766929864883, 0.2505371570587158, 0.08563311398029327, -0.10017672926187515, -0.15274301171302795, 0.1062326729297638, -0.1562417894601822, -0.04697578400373459, 0.07674924284219742, -0.1685148924589157, -0.1223914623260498, -0.2794831395149231, 0.04541599750518799, 0.382185697555542, 0.17418409883975983, -0.1325395554304123, 0.015492799691855907, -0.0819060206413269, 0.010222034528851509, 0.060546133667230606, 0.08340553194284439, -0.08462082594633102, 0.021452130749821663, -0.07888240367174149, 0.04759453982114792, 0.1377841830253601, -0.029980309307575226, -0.05053769424557686, 0.1726086288690567, 0.0011353213340044022, 0.05177086219191551, -0.03207530081272125, -0.022623255848884583, -0.06022851914167404, -0.013380242511630058, -0.05676314979791641, 0.006657300516963005, 0.12523089349269867, -0.09674987941980362, 0.011254471726715565, 0.11118724197149277, -0.2159033566713333, 0.14873646199703217, -0.029378701001405716, 0.0549711138010025, 0.04908852279186249, 0.04486962780356407, -0.16157816350460052, -0.014156871475279331, 0.21407891809940338, -0.21453362703323364, 0.13345544040203094, 0.18760186433792114, 0.06230930984020233, 0.13992831110954285, 0.06684006750583649, 0.11064185202121735, -0.005903547629714012, -0.006045558489859104, -0.18022401630878448, -0.029010189697146416, 0.015538981184363365, -0.033849067986011505, -0.029389169067144394, 0.07758091390132904]"
1,bmq,"[-0.10451532900333405, 0.07268255949020386, 0.01838053949177265, -0.1409371793270111, -0.07240038365125656, -0.0034416439011693, -0.11047081649303436, -0.1298084706068039, 0.15209873020648956, -0.1002369225025177, 0.17479665577411652, -0.014792467467486858, -0.2017657607793808, -0.054433390498161316, 0.0006676660850644112, 0.1651899516582489, -0.16879144310951233, -0.13022494316101074, -0.05959009379148483, -0.09817828238010406, -0.00028914399445056915, 0.05454745516180992, 0.02795504219830036, 0.07846678793430328, -0.13513986766338348, -0.3377710282802582, -0.08902722597122192, -0.11603237688541412, -0.01583736576139927, -0.013518881984055042, -0.0021166112273931503, 0.05236884579062462, -0.17591902613639832, 0.005468204617500305, 0.01349994819611311, 0.07367083430290222, -0.039158329367637634, -0.09071578830480576, 0.19265741109848022, 0.039838798344135284, -0.20910294353961945, -0.025090645998716354, 0.03609108924865723, 0.23157699406147003, 0.20650890469551086, -0.0570618137717247, 0.07121136784553528, -0.1064569354057312, 0.1104118674993515, -0.21841157972812653, 0.04246339946985245, 0.1543300896883011, 0.004480699542909861, 0.04522950202226639, 0.03243506699800491, -0.0899791568517685, -0.001309722661972046, 0.11739872395992279, -0.1712546944618225, 0.015502989292144775, 0.07249684631824493, -0.06316310167312622, -0.09255889803171158, -0.12318456172943115, 0.22352901101112366, 0.15297946333885193, -0.13359487056732178, -0.18571367859840393, 0.16317836940288544, -0.133143812417984, -0.08719492703676224, 0.09462136030197144, -0.1771850734949112, -0.19871193170547485, -0.3069094717502594, 0.058714888989925385, 0.4438018202781677, 0.1814449578523636, -0.13687287271022797, 0.05856701731681824, -0.09346306324005127, -0.026304995641112328, 0.10424517840147018, 0.138374924659729, -0.002524079754948616, 0.0216892771422863, -0.0011748154647648335, 0.08355878293514252, 0.20396055281162262, -0.028279133141040802, -0.07368611544370651, 0.213309645652771, 0.009185642004013062, 0.08861570060253143, 0.0047678714618086815, 0.0712599903345108, -0.04615544527769089, -0.007560151629149914, -0.1437605768442154, -0.005267295986413956, 0.021604441106319427, 0.025449780747294426, 0.05633511394262314, 0.13216836750507355, -0.10619411617517471, 0.1647835522890091, 0.03484264761209488, -0.017369847744703293, 0.017797071486711502, 0.06332611292600632, -0.06341748684644699, -0.10363379865884781, 0.14141099154949188, -0.21386148035526276, 0.12374673038721085, 0.1562054604291916, 0.07466518133878708, 0.13309475779533386, 0.0794164314866066, 0.10007642209529877, -0.021641988307237625, -0.03471256420016289, -0.19372431933879852, -0.005119747947901487, 0.0724184662103653, 0.04261380806565285, 0.05997776240110397, 0.03281775489449501]"
1,bmq,"[-0.08171288669109344, 0.0654243528842926, 0.03013201244175434, -0.13524341583251953, -0.10051215440034866, -0.012080226093530655, -0.07006120681762695, -0.04319530725479126, 0.1722422093153, -0.08622011542320251, 0.18016880750656128, -0.026089660823345184, -0.1993580460548401, -0.043643318116664886, -0.017052236944437027, 0.14709234237670898, -0.17112739384174347, -0.10933282971382141, -0.035268593579530716, -0.1103588342666626, 0.07686139643192291, 0.05730952322483063, -0.009970669634640217, 0.04378548264503479, -0.1461562067270279, -0.3362620770931244, -0.08675706386566162, -0.10302147269248962, 0.025398096069693565, -0.06830728054046631, -0.01864897832274437, 0.06388500332832336, -0.1665862798690796, -0.04208957403898239, 0.016248449683189392, 0.08538668602705002, -0.06581142544746399, -0.0937504693865776, 0.16444744169712067, 0.05159701406955719, -0.17545461654663086, -0.017132680863142014, 0.013679592870175838, 0.25220468640327454, 0.19348737597465515, -0.0005605026381090283, 0.06415185332298279, -0.08886270225048065, 0.12411734461784363, -0.23459984362125397, 0.0623454749584198, 0.13778796792030334, 0.004196827299892902, 0.081178680062294, 0.03775797039270401, -0.10016029328107834, 0.016042208299040794, 0.13285496830940247, -0.18020837008953094, 0.05262419581413269, 0.0757174864411354, -0.12656426429748535, -0.06761995702981949, -0.10444633662700653, 0.19627052545547485, 0.09886441379785538, -0.11044032126665115, -0.19504263997077942, 0.11640432476997375, -0.13953998684883118, -0.0962735116481781, 0.09183329343795776, -0.14918415248394012, -0.17718353867530823, -0.2998564541339874, 0.09703882038593292, 0.4128279387950897, 0.17271456122398376, -0.11193300783634186, 0.056784000247716904, -0.03251172602176666, -0.030302969738841057, 0.13739384710788727, 0.150309219956398, -0.005300579592585564, 0.020921986550092697, -0.04778303951025009, 0.0912202000617981, 0.19381089508533478, -0.05993727967143059, -0.07609346508979797, 0.20672231912612915, -0.019986577332019806, 0.12714260816574097, -0.005770883057266474, 0.061503998935222626, -0.08551514148712158, 0.03815506026148796, -0.09755018353462219, -0.002903417684137821, 0.08890026062726974, 0.006682712584733963, 0.018095621839165688, 0.12186471372842789, -0.08020322024822235, 0.150950089097023, -0.02515331842005253, -0.002317132893949747, -0.025390783324837685, -0.03918274864554405, -0.08321300894021988, -0.052093762904405594, 0.1359177827835083, -0.20578059554100037, 0.14714741706848145, 0.1855262964963913, 0.07871425151824951, 0.13704867660999298, 0.10677170008420944, 0.029626090079545975, 0.023130904883146286, -0.05266578495502472, -0.22201655805110931, 0.016037289053201675, 0.08973927795886993, 0.03512279689311981, 0.055444374680519104, 0.0012222365476191044]"
1,bmq,"[-0.11236933618783951, 0.10677358508110046, 0.04705287516117096, -0.10516417771577835, -0.07573758065700531, -0.03971866890788078, -0.07501393556594849, -0.06458000838756561, 0.17275550961494446, -0.08288320899009705, 0.18189270794391632, -0.00740773044526577, -0.22139298915863037, -0.02696221135556698, -0.07668907195329666, 0.1656402051448822, -0.15055237710475922, -0.12614499032497406, -0.05898068845272064, -0.07275356352329254, 0.09161572903394699, 0.058793116360902786, -0.0055969650857150555, 0.05584379658102989, -0.16166743636131287, -0.32654353976249695, -0.05244554579257965, -0.06546498090028763, -0.06422046571969986, -0.02768504060804844, 0.04166341572999954, 0.07107333838939667, -0.20795147120952606, -0.04055749624967575, 0.020893938839435577, 0.0740964263677597, -0.049253035336732864, -0.05841156840324402, 0.17618001997470856, 0.04871470481157303, -0.21896147727966309, 0.011090473271906376, 0.039691418409347534, 0.28466305136680603, 0.18883441388607025, -0.03404972702264786, 0.07556318491697311, -0.11872892826795578, 0.09600509703159332, -0.24315489828586578, 0.047378867864608765, 0.15917819738388062, 0.008870972320437431, 0.07665728032588959, 0.046447962522506714, -0.09407447278499603, 0.009696928784251213, 0.14464566111564636, -0.14990733563899994, 0.01043232623487711, 0.07485157251358032, -0.07126586139202118, -0.0846264436841011, -0.12521767616271973, 0.18028134107589722, 0.09420249611139297, -0.11645612865686417, -0.180914968252182, 0.1551063358783722, -0.117005854845047, -0.0770181268453598, 0.11926046758890152, -0.15223973989486694, -0.19926492869853973, -0.27832236886024475, 0.08812911808490753, 0.43828272819519043, 0.15919388830661774, -0.11380822211503983, 0.07985808700323105, -0.053092408925294876, -0.002029391471296549, 0.09687459468841553, 0.13424234092235565, 0.02351956255733967, 0.03676497936248779, 0.007457043509930372, 0.12380696833133698, 0.19526712596416473, -0.025092998519539833, -0.0842105969786644, 0.20774857699871063, 0.01784534752368927, 0.03798506036400795, 0.006039094179868698, 0.03830578550696373, -0.046843480318784714, 0.04997847601771355, -0.1378561556339264, 0.010798342525959015, 0.05310812219977379, 0.028618570417165756, 0.028270026668906212, 0.09785176068544388, -0.10523257404565811, 0.14580577611923218, 0.008379877544939518, 0.0044456711038947105, 0.007185214199125767, 0.02490711398422718, -0.07008405774831772, -0.055317848920822144, 0.11570580303668976, -0.21695421636104584, 0.18425144255161285, 0.14232321083545685, 0.0499049536883831, 0.12027918547391891, 0.07887522876262665, 0.05411852151155472, 0.03285645693540573, -0.03329092636704445, -0.19444897770881653, -0.014802723191678524, 0.09782754629850388, 0.020680150017142296, 0.08212518692016602, -0.009849634021520615]"
1,yd,"[-0.14212138950824738, 0.08105878531932831, 0.06983175873756409, -0.10230864584445953, -0.07720392942428589, -0.03191689774394035, -0.05245564132928848, -0.08560020476579666, 0.14772151410579681, -0.0676192119717598, 0.2697620689868927, -0.007780027575790882, -0.20944982767105103, -0.10365927219390869, 0.012892217375338078, 0.18489983677864075, -0.15490436553955078, -0.1007300466299057, -0.00865232478827238, -0.10827403515577316, 0.015840433537960052, 0.041331712156534195, -0.017204103991389275, 0.08133891969919205, -0.14306022226810455, -0.27719059586524963, -0.08658445626497269, -0.12647207081317902, -0.04113953188061714, -0.040930114686489105, -0.034986525774002075, 0.04214849695563316, -0.21371757984161377, -0.06670233607292175, -0.008595564402639866, 0.025293271988630295, -0.00034919544123113155, -0.024459421634674072, 0.10863186419010162, 0.022576745599508286, -0.14572635293006897, -0.05211076885461807, 0.029016930609941483, 0.24490225315093994, 0.16235919296741486, -0.017831290140748024, 0.06704653054475784, -0.07123936712741852, 0.040146034210920334, -0.14891427755355835, 0.04779438674449921, 0.08949857205152512, 0.08709436655044556, 0.02616317942738533, -0.045451920479536057, -0.15696674585342407, -0.05558724328875542, 0.0957367792725563, -0.09360995143651962, 0.039585769176483154, 0.05858591943979263, -0.053700514137744904, -0.11304942518472672, -0.08853528648614883, 0.2924899756908417, 0.08757156878709793, -0.1626993715763092, -0.15091636776924133, 0.15263736248016357, -0.06607457995414734, -0.07916314154863358, 0.04987591877579689, -0.1952047049999237, -0.1591637283563614, -0.31774669885635376, 0.09068743884563446, 0.4015294909477234, 0.055272042751312256, -0.20616909861564636, 0.051475800573825836, -0.1544226109981537, 0.03800881654024124, 0.046391621232032776, 0.13062205910682678, 0.00010481663048267365, 0.0669914186000824, -0.026841193437576294, 0.04902799427509308, 0.17790067195892334, -0.05254153907299042, -0.04400424286723137, 0.2144959270954132, -0.017145611345767975, 0.08092011511325836, 0.013320408761501312, 0.02804321050643921, 0.003155861049890518, -0.0041313557885587215, -0.07924890518188477, 0.0009673852473497391, 0.025959070771932602, -0.04361541569232941, 0.008734003640711308, 0.12392812967300415, -0.16538943350315094, 0.14331801235675812, 0.07523831725120544, 0.05145689845085144, 0.02077599987387657, 0.08303509652614594, -0.0838705524802208, -0.12966211140155792, 0.14406508207321167, -0.21569667756557465, 0.16047155857086182, 0.17088766396045685, 0.059441208839416504, 0.1409642994403839, 0.07969488948583603, 0.1115330159664154, -0.02339167147874832, -0.007486236281692982, -0.1685865819454193, 0.024597175419330597, 0.10286641120910645, -0.04397968947887421, 0.0723152831196785, 0.05601603537797928]"
1,yd,"[-0.117439866065979, 0.05078381299972534, 0.05986589193344116, -0.09136790782213211, -0.05183008313179016, -0.0650119036436081, -0.06232733279466629, -0.12123223394155502, 0.1386774629354477, -0.08790003508329391, 0.25903186202049255, -0.03884270042181015, -0.2095404714345932, -0.08628391474485397, 0.0014506010338664055, 0.17511719465255737, -0.1492443084716797, -0.09511065483093262, -0.028944106772542, -0.059433624148368835, -0.009578868746757507, 0.009663116186857224, 0.0055604963563382626, 0.06274095922708511, -0.09270554780960083, -0.30849969387054443, -0.10433389991521835, -0.12995979189872742, -0.04683016985654831, -0.003648548386991024, -0.06760680675506592, 0.05216214060783386, -0.19355294108390808, -0.08329451084136963, 0.015091048553586006, 0.03676591068506241, -0.022018084302544594, -0.027035539969801903, 0.10682644695043564, 0.022120561450719833, -0.14943039417266846, -0.05052604153752327, 0.04305363819003105, 0.23660200834274292, 0.20010694861412048, 0.0001344868214800954, 0.05829007923603058, -0.10652182996273041, 0.05255459249019623, -0.15704241394996643, 0.040439873933792114, 0.06357324868440628, 0.10721860826015472, 0.04082471877336502, -0.007793388329446316, -0.1613820344209671, -0.02345757931470871, 0.10844011604785919, -0.10300673544406891, 0.03558296710252762, 0.05926021933555603, -0.06051507592201233, -0.10605838149785995, -0.07863257825374603, 0.31179070472717285, 0.10135269910097122, -0.16207167506217957, -0.11975223571062088, 0.15951643884181976, -0.06691073626279831, -0.04879951477050781, 0.026314284652471542, -0.19238348305225372, -0.1773776412010193, -0.2851899266242981, 0.06916040182113647, 0.38813596963882446, 0.05205278843641281, -0.19632506370544434, 0.0568261444568634, -0.13057158887386322, 0.026896456256508827, 0.0690314993262291, 0.1378919631242752, 0.007587917149066925, 0.032436616718769073, -0.01592414453625679, 0.011208947747945786, 0.168895423412323, -0.0788377970457077, -0.01663929782807827, 0.18744951486587524, -0.05867346376180649, 0.07045769691467285, 0.021545054391026497, 0.007724665105342865, -0.01746365800499916, 0.019338637590408325, -0.11370494961738586, -0.006971401162445545, 0.005404510069638491, -0.059074096381664276, 0.006305335089564323, 0.08730945736169815, -0.16204029321670532, 0.09810066223144531, 0.06884664297103882, 0.03747319057583809, 0.05565331131219864, 0.026925871148705482, -0.05497650429606438, -0.12921060621738434, 0.13296860456466675, -0.23274418711662292, 0.17601962387561798, 0.166063591837883, 0.06491188704967499, 0.1534625142812729, 0.05581533908843994, 0.10562004148960114, -0.006985710002481937, 0.007609749212861061, -0.18102999031543732, 0.040713127702474594, 0.10045254975557327, -0.013651026412844658, 0.040178604423999786, 0.03024286963045597]"
1,th,"[-0.12808094918727875, 0.009932445362210274, 0.10676898807287216, -0.043178413063287735, -0.04894600808620453, -0.11304549872875214, -0.03564997762441635, -0.07415831834077835, 0.09019076824188232, -0.12395213544368744, 0.22084951400756836, -0.07312498986721039, -0.21895626187324524, -0.05698277801275253, 0.025949344038963318, 0.17090389132499695, -0.11041863262653351, -0.09561946243047714, -0.0961691290140152, -0.08331731706857681, -0.04437604546546936, -0.026569213718175888, -0.00751402648165822, 0.06498254090547562, -0.06162474304437637, -0.31482601165771484, -0.0830293670296669, -0.15349844098091125, -0.04421215504407883, -0.017772523686289787, -0.015133370645344257, 0.04550737142562866, -0.169799342751503, -0.027413465082645416, -0.018801867961883545, 0.050501748919487, -0.022093450650572777, -0.026546189561486244, 0.17163655161857605, -0.0038963262923061848, -0.17578326165676117, -0.07851177453994751, -0.0034271124750375748, 0.20027011632919312, 0.18792866170406342, 0.036550045013427734, 0.04826211929321289, -0.05346601456403732, 0.052775997668504715, -0.2255999594926834, 0.049925100058317184, 0.06989401578903198, 0.08381988108158112, 0.040274180471897125, 0.018107449635863304, -0.11609715968370438, -0.0001825401559472084, 0.06906841695308685, -0.14173470437526703, 0.01901031844317913, 0.046937182545661926, -0.14604684710502625, -0.08949770778417587, -0.06337473541498184, 0.3004891574382782, 0.10106543451547623, -0.11511030793190002, -0.06619110703468323, 0.20188231766223907, -0.15227188169956207, -0.027431964874267578, 0.04143735393881798, -0.13217949867248535, -0.15753410756587982, -0.29217982292175293, 0.1024056151509285, 0.3781365752220154, 0.11157646775245667, -0.14544779062271118, 0.02341417968273163, -0.10799260437488556, -0.007064969278872013, 0.06915473192930222, 0.10298589617013931, -0.011392529122531414, -0.021793236956000328, -0.016898004338145256, 0.026170872151851654, 0.18872007727622986, -0.0968906581401825, -0.0009819867555052042, 0.14064732193946838, -0.052241697907447815, 0.019056612625718117, -0.013130879029631615, -0.05249883979558945, 0.004647864028811455, -0.02006547898054123, -0.08422563970088959, 0.02146189659833908, 0.041805803775787354, -0.0453723706305027, 0.01091913040727377, 0.042317599058151245, -0.16084523499011993, 0.04498719051480293, 0.0015461614821106195, -0.07195102423429489, 0.028653543442487717, 0.03305970877408981, -0.10081647336483002, -0.12828485667705536, 0.1569298803806305, -0.1834055483341217, 0.1830114871263504, 0.1910407692193985, 0.044482313096523285, 0.14166170358657837, 0.04162054508924484, 0.11075766384601593, -0.013079502619802952, -0.025784827768802643, -0.15459975600242615, -0.011538011953234673, 0.13508524000644684, 0.043691910803318024, 0.051858410239219666, 0.020059680566191673]"
1,th,"[-0.11806768923997879, 0.09364351630210876, 0.08822596073150635, -0.05177689343690872, -0.11732053011655807, 0.012961169704794884, -0.07604453712701797, -0.04919932410120964, 0.13627377152442932, -0.08912785351276398, 0.18685607612133026, -0.0005085482262074947, -0.22720088064670563, 0.018546011298894882, 0.023624137043952942, 0.09747106581926346, -0.11620389670133591, -0.05551829934120178, -0.06348603963851929, -0.06892871856689453, 0.09403788298368454, 0.1293868124485016, -0.03777915611863136, 0.005471097771078348, -0.07487606257200241, -0.3010765314102173, -0.0890263095498085, -0.056298818439245224, 0.04258265718817711, -0.06585978716611862, -0.02851606160402298, 0.02937447465956211, -0.09024284034967422, 0.0019339434802532196, -0.011603184044361115, 0.0809919685125351, -0.01643514633178711, -0.08520256727933884, 0.1083170622587204, 0.021211668848991394, -0.1287183314561844, -0.053805872797966, 0.0262279212474823, 0.23846285045146942, 0.15372395515441895, 0.05404151976108551, 0.03936503082513809, -0.05646681785583496, 0.0916912704706192, -0.2890690267086029, 0.09492556750774384, 0.09757640212774277, 0.02873617224395275, 0.09397324919700623, 0.10356659442186356, -0.20537467300891876, 0.003770417533814907, 0.1091766431927681, -0.13073861598968506, 0.11651360243558884, 0.06765811890363693, -0.09281178563833237, -0.05784115195274353, -0.12110302597284317, 0.23734213411808014, 0.13183853030204773, -0.09634114056825638, -0.1400689333677292, 0.09570532292127609, -0.13243651390075684, -0.10710079222917557, 0.08840169757604599, -0.14983390271663666, -0.12633028626441956, -0.2508574426174164, 0.08730742335319519, 0.4163813591003418, 0.12147623300552368, -0.14683055877685547, -0.016074087470769882, -0.017103929072618484, -0.018564937636256218, 0.10118796676397324, 0.06655117869377136, -0.040387824177742004, -0.06556791067123413, -0.08615998178720474, 0.04628939554095268, 0.22563529014587402, -0.034703973680734634, -0.00906322244554758, 0.2345404475927353, 0.0010558776557445526, 0.047495417296886444, -0.00619180453941226, 0.062099456787109375, -0.029260272160172462, -0.007073763757944107, -0.028334684669971466, 0.004724510945379734, 0.11698269098997116, -0.15140514075756073, -0.012213879264891148, 0.12063438445329666, -0.1883397102355957, 0.15134108066558838, -0.025600967928767204, 0.026655498892068863, 0.07026418298482895, -0.03126906603574753, -0.10271264612674713, 0.003985006362199783, 0.21532663702964783, -0.21252553164958954, 0.1707797348499298, 0.17099310457706451, 0.04709195718169212, 0.14658859372138977, -0.0117447879165411, 0.15011869370937347, -0.025220252573490143, -0.019289784133434296, -0.18448181450366974, -0.040602151304483414, 0.03335483372211456, -0.02073226496577263, -0.05630890280008316, 0.06548954546451569]"
1,th,"[-0.11125961691141129, 0.12258679419755936, 0.09325100481510162, -0.06197521835565567, -0.11661765724420547, -0.008366143330931664, -0.07589409500360489, -0.06274214386940002, 0.12403329461812973, -0.10382278263568878, 0.1698077917098999, 0.004767973907291889, -0.22803494334220886, -0.03573087975382805, 0.02133232355117798, 0.12599049508571625, -0.1252928376197815, -0.06430462002754211, -0.07299285382032394, -0.16692690551280975, 0.018809812143445015, 0.08784452080726624, -0.02879486419260502, 0.007443505339324474, -0.10157231241464615, -0.24015162885189056, -0.08049942553043365, -0.06737159192562103, 0.007795365527272224, -0.06255321204662323, 0.008121555671095848, 0.037876009941101074, -0.16320477426052094, -0.02812945656478405, -0.01684836857020855, 0.09672687947750092, -0.05789491906762123, -0.07044704258441925, 0.11534066498279572, -0.02395850419998169, -0.1074829027056694, -0.05493816360831261, 0.05540555715560913, 0.22929736971855164, 0.230627179145813, -0.020782146602869034, 0.01713135465979576, -0.018015999346971512, 0.1024101972579956, -0.2803073823451996, 0.025684013962745667, 0.14014583826065063, 0.032309964299201965, 0.10956607758998871, 0.058466337621212006, -0.15679287910461426, 0.001819550059735775, 0.12254185974597931, -0.06679972261190414, 0.03905557841062546, 0.04818029701709747, -0.15604418516159058, -0.08912681043148041, -0.08183583617210388, 0.2115243524312973, 0.1115066334605217, -0.09034951776266098, -0.1628303974866867, 0.16160798072814941, -0.15099342167377472, -0.10783238708972931, 0.06637608259916306, -0.14664311707019806, -0.09928613156080246, -0.3072533905506134, 0.08009814471006393, 0.4101567268371582, 0.15347033739089966, -0.13317443430423737, 0.025216594338417053, -0.08596910536289215, 0.014950484037399292, 0.03818624094128609, 0.08973681181669235, -0.024194831028580666, -0.06161908805370331, -0.07263383269309998, 0.07314097136259079, 0.1928272694349289, -0.0625426322221756, -0.018100043758749962, 0.19366446137428284, 0.01833254285156727, 0.0631546899676323, -0.011690383777022362, 0.02853431925177574, -0.05497940257191658, -0.03548876941204071, -0.07457587122917175, -0.006851541809737682, 0.08654898405075073, -0.12017609924077988, 0.010787309147417545, 0.16732005774974823, -0.17286495864391327, 0.18223245441913605, -0.001963053597137332, 0.027406426146626472, 0.03240518644452095, 0.014829197898507118, -0.04433785751461983, -0.008114369586110115, 0.1914050132036209, -0.17752483487129211, 0.17125874757766724, 0.18905143439769745, -0.018676863983273506, 0.14955905079841614, 0.04697128385305405, 0.1583964228630066, -0.03619767725467682, -0.029153337702155113, -0.1639901101589203, -0.07562281936407089, -0.019153406843543053, 0.004454724490642548, -0.03519158810377121, 0.07183454930782318]"
1,HC,"[-0.11714909225702286, 0.12903401255607605, 0.08780951797962189, 0.025457048788666725, -0.008355104364454746, -0.057377129793167114, -0.031820520758628845, -0.07959651947021484, 0.10145159810781479, -0.021240683272480965, 0.29152753949165344, -0.022806182503700256, -0.18211151659488678, -0.12450417876243591, 0.0025954321026802063, 0.11347261816263199, -0.16665732860565186, -0.08700179308652878, -0.03960854560136795, -0.0636259913444519, 0.04097892716526985, -0.006194728426635265, 0.025131110101938248, 0.013998640701174736, -0.14465880393981934, -0.35575687885284424, -0.10280682146549225, -0.15095818042755127, 0.028499770909547806, -0.06724851578474045, -0.018068410456180573, 0.022364532575011253, -0.24104410409927368, -0.042854778468608856, -0.04684014245867729, 0.020506329834461212, -0.018765171989798546, 0.011101589538156986, 0.1464156210422516, 0.061894793063402176, -0.13425779342651367, 0.01992436870932579, -0.04415907338261604, 0.2910284996032715, 0.26673611998558044, 0.05002206936478615, 0.042609114199876785, -0.03155243769288063, -0.028723256662487984, -0.16639865934848785, 0.06138913333415985, 0.14696663618087769, 0.10744320601224899, 0.04290881007909775, 0.0006905011832714081, -0.10419511049985886, -0.06715031713247299, 0.0007577948272228241, -0.1689305156469345, 0.03955819830298424, 0.045439351350069046, -0.08917874097824097, -0.05876452103257179, -0.061762191355228424, 0.23005229234695435, 0.0983181968331337, -0.09432598203420639, -0.10906253755092621, 0.1660049855709076, -0.16577507555484772, -0.026258191093802452, 0.05865731090307236, -0.15078191459178925, -0.19055648148059845, -0.3190453052520752, 0.1323908418416977, 0.4093613624572754, 0.1475817710161209, -0.15949979424476624, 0.042959511280059814, -0.10936976224184036, -0.009656448848545551, 0.056336261332035065, 0.08852720260620117, -0.04617339372634888, 0.040559276938438416, -0.05192587897181511, 0.08319488167762756, 0.13513541221618652, -0.04524541646242142, -0.08170259743928909, 0.1814294010400772, -0.10139725357294083, 0.0054582757875323296, 0.02972734160721302, -0.03070923686027527, -0.0016356706619262695, 0.008969912305474281, -0.06344713270664215, -0.03380938246846199, 0.03412516787648201, -0.0934634581208229, 0.029818350449204445, 0.09786266088485718, -0.13001227378845215, 0.06956063956022263, 0.0026881226804107428, -0.014136812649667263, 0.008936891332268715, 0.05395834147930145, -0.10905907303094864, -0.08177301287651062, 0.15881027281284332, -0.24266059696674347, 0.2377244532108307, 0.1915709227323532, -0.01506717223674059, 0.12834471464157104, 0.06616371124982834, 0.12820833921432495, -0.05023842677474022, 0.006417469121515751, -0.12635532021522522, -0.017497824504971504, 0.03621925041079521, 0.03230608254671097, 0.12128306925296783, 0.01574433594942093]"
1,HC,"[-0.10620734095573425, 0.1335994303226471, 0.08148971199989319, -0.002404256956651807, -0.03440787270665169, -0.039538923650979996, -0.043391622602939606, -0.14933918416500092, 0.10600168257951736, -0.06107468158006668, 0.26729142665863037, -0.04866493493318558, -0.21071530878543854, -0.11841775476932526, -0.02695339545607567, 0.14125169813632965, -0.1921834647655487, -0.12630754709243774, -0.013816935010254383, -0.03456132486462593, 0.07747263461351395, 0.0142634566873312, 0.029910268262028694, 0.03923370689153671, -0.11362425982952118, -0.4007342755794525, -0.08661321550607681, -0.1268836259841919, 0.007815898396074772, -0.03759601712226868, -0.0320349857211113, 0.02300257980823517, -0.2122715711593628, -0.03666134178638458, -0.027363136410713196, 0.029426129534840584, -0.026970233768224716, -0.02181607112288475, 0.14982719719409943, 0.03329365700483322, -0.1666295975446701, 0.014937438070774078, -0.011093614622950554, 0.2477509081363678, 0.2254767119884491, 0.06616918742656708, 0.047587133944034576, -0.08277423679828644, -0.006502627395093441, -0.165641650557518, 0.026174426078796387, 0.1485988050699234, 0.06869997084140778, 0.04562965780496597, -0.0017037447541952133, -0.13216866552829742, -0.07083946466445923, 0.01935490593314171, -0.14010602235794067, 0.027328358963131905, 0.030105367302894592, -0.08863617479801178, -0.023830175399780273, -0.06498423218727112, 0.24769403040409088, 0.08527448773384094, -0.11393874883651733, -0.10687941312789917, 0.12939083576202393, -0.15219421684741974, -0.08234366774559021, 0.02039683237671852, -0.1489962786436081, -0.17725759744644165, -0.3034893274307251, 0.09054624289274216, 0.4212001860141754, 0.09715110063552856, -0.1667066216468811, 0.03151411563158035, -0.07683218270540237, -0.009433051571249962, 0.09386789053678513, 0.13092359900474548, -0.02779717743396759, 0.01340923085808754, -0.05489075928926468, 0.050157591700553894, 0.15312494337558746, -0.0531865656375885, -0.07526959478855133, 0.20385511219501495, -0.10170615464448929, 0.0726609155535698, 0.02673196792602539, 0.01683221012353897, -0.0311275664716959, 0.07076986134052277, -0.06423816084861755, -0.013243488036096096, 0.05206098034977913, -0.03994649276137352, 0.03558497503399849, 0.1145106628537178, -0.11710396409034729, 0.06124784052371979, -0.009819029830396175, 0.009645226411521435, 0.047161150723695755, 0.04296249523758888, -0.11333123594522476, -0.0962299108505249, 0.132205992937088, -0.2364174723625183, 0.24146956205368042, 0.2056887298822403, -0.0013605514541268349, 0.13638600707054138, 0.08371640741825104, 0.09712916612625122, -0.011398574337363243, 0.007091308943927288, -0.17251726984977722, -0.014282532967627048, 0.0869646966457367, 0.018657192587852478, 0.08917263895273209, -0.00042988313362002373]"
1,HC,"[-0.12899616360664368, 0.15147683024406433, 0.1263386607170105, 0.01359257660806179, -0.0241620484739542, -0.07148336619138718, -0.04035137966275215, -0.12055441737174988, 0.0769030749797821, -0.059749968349933624, 0.30078575015068054, -0.04470866918563843, -0.20955176651477814, -0.15330950915813446, -0.0297916978597641, 0.1552654653787613, -0.19175639748573303, -0.14794643223285675, -1.4939345419406891e-05, -0.051679499447345734, 0.08191459625959396, -0.0007275798125192523, 0.027991557493805885, 0.006886211223900318, -0.10324037075042725, -0.37655726075172424, -0.06496808677911758, -0.14242921769618988, 0.005718585103750229, -0.019862931221723557, 0.006562494672834873, 0.03089447133243084, -0.2263791561126709, -0.031727731227874756, -0.04503561556339264, 0.025283299386501312, 0.002027203794568777, -0.006712265312671661, 0.16583305597305298, 0.01930098608136177, -0.15438491106033325, 0.0038634194061160088, -0.035108573734760284, 0.2683928906917572, 0.22356368601322174, 0.01675134152173996, 0.05924861505627632, -0.07736284285783768, -0.004364348482340574, -0.15097789466381073, 0.011348485015332699, 0.14962826669216156, 0.10467468947172165, 0.030691834166646004, -0.020622922107577324, -0.11769820004701614, -0.0443989560008049, 0.023257849738001823, -0.13514229655265808, 0.011469769291579723, 0.029263028874993324, -0.10154670476913452, -0.034410130232572556, -0.07938236743211746, 0.25221800804138184, 0.039195746183395386, -0.10160308331251144, -0.11258614808320999, 0.14723601937294006, -0.12532879412174225, -0.0786486566066742, 0.04252157360315323, -0.15915243327617645, -0.14506253600120544, -0.3202956020832062, 0.0761055275797844, 0.419757217168808, 0.06936275213956833, -0.18139982223510742, 0.062424398958683014, -0.11473692208528519, -0.008508795872330666, 0.0673258826136589, 0.12394199520349503, -0.03140294551849365, 0.03390678018331528, -0.07565721869468689, 0.03172220289707184, 0.15342222154140472, -0.06270747631788254, -0.07971173524856567, 0.18367813527584076, -0.08715034276247025, 0.06227611005306244, 0.036305345594882965, -0.04152544587850571, 0.0063714515417814255, 0.052055783569812775, -0.06175495684146881, -0.021107934415340424, -0.0028942059725522995, -0.08745335042476654, 7.864460349082947e-05, 0.08311907202005386, -0.14348316192626953, 0.0451991930603981, 0.007646878715604544, 0.03714703768491745, 0.0252403412014246, 0.04313964396715164, -0.09970827400684357, -0.09021926671266556, 0.14174900949001312, -0.22754424810409546, 0.22427596151828766, 0.21129728853702545, 0.01336755882948637, 0.1422753632068634, 0.10511764138936996, 0.10351742058992386, -0.04735317453742027, -0.0021182335913181305, -0.16902492940425873, -0.003326163860037923, 0.07764844596385956, 0.016199735924601555, 0.09838186204433441, 0.02253597229719162]"
1,handsome,"[-0.054004620760679245, 0.06807617843151093, 0.08506777882575989, -0.03459209203720093, -0.12293590605258942, -0.009643950499594212, -0.0799042135477066, 0.01779063791036606, 0.12191735953092575, -0.11282367259263992, 0.1774011105298996, 0.027700215578079224, -0.21361112594604492, -0.0020815010648220778, 0.012430606409907341, 0.10820351541042328, -0.05570715293288231, -0.040282491594552994, -0.09263107180595398, -0.1426895707845688, 0.03231756016612053, 0.08522126078605652, 0.02206858992576599, 0.018914740532636642, -0.10814858227968216, -0.2528950870037079, -0.06515525281429291, -0.07676249742507935, 0.03325439989566803, -0.08673211187124252, -0.0150502510368824, 0.006985172163695097, -0.12338011711835861, -0.010206062346696854, -0.008943608030676842, 0.10176380723714828, -0.07602087408304214, -0.120414599776268, 0.15687929093837738, 0.022392751649022102, -0.11254554241895676, -0.0873274877667427, 0.009302420541644096, 0.2516659200191498, 0.17252866923809052, -0.019438495859503746, 0.06694265455007553, -0.02209300547838211, 0.09006909281015396, -0.26712608337402344, 0.09024451673030853, 0.11378452181816101, 0.06632702052593231, 0.10813334584236145, 0.08518213033676147, -0.15008218586444855, 0.07107440382242203, 0.12897083163261414, -0.10050763934850693, 0.06341227889060974, 0.055827245116233826, -0.09364134818315506, -0.07723899185657501, -0.09221120178699493, 0.22831934690475464, 0.10558158159255981, -0.08560733497142792, -0.14014026522636414, 0.10802599787712097, -0.1589033305644989, -0.07902897894382477, 0.0935090109705925, -0.14473029971122742, -0.12372008711099625, -0.2732948660850525, 0.05382339656352997, 0.39277246594429016, 0.20531997084617615, -0.12862689793109894, 0.013839367777109146, -0.07996156811714172, 0.013492784462869167, 0.06152677163481712, 0.06094667315483093, -0.057605136185884476, -0.015289689414203167, -0.08391707390546799, 0.07919351011514664, 0.18334998190402985, -0.06597375124692917, -0.05453009903430939, 0.1644427478313446, 0.025270383805036545, 0.02416212670505047, 0.006821420043706894, 0.0006823327858000994, -0.062338098883628845, -0.02144453302025795, -0.034097786992788315, -0.0012200716882944107, 0.10862714797258377, -0.17227113246917725, 0.01226356066763401, 0.08367785811424255, -0.2180664986371994, 0.168510302901268, -0.018748927861452103, 0.0023739421740174294, 0.07287411391735077, 0.022578217089176178, -0.1400853395462036, -0.009360576048493385, 0.216944620013237, -0.20402568578720093, 0.1608249843120575, 0.18816645443439484, 0.040046751499176025, 0.1618986278772354, 0.07313546538352966, 0.16411389410495758, -0.04825368523597717, -0.039054758846759796, -0.1390146166086197, -0.05996602028608322, -0.028813345357775688, 0.012948604300618172, 0.021234193816781044, 0.06721686571836472]"
1,handsome,"[-0.10244214534759521, 0.03166912868618965, 0.06591285020112991, -0.05527874827384949, -0.0580088309943676, -0.0783350020647049, -0.046170078217983246, -0.12695562839508057, 0.10235917568206787, -0.14486517012119293, 0.18797317147254944, -0.0658053606748581, -0.24322612583637238, -0.07735969126224518, 0.0007485663518309593, 0.19190026819705963, -0.10804830491542816, -0.16741366684436798, -0.1013789027929306, -0.028425754979252815, 0.041482456028461456, 0.017168719321489334, -0.03618102893233299, 0.03000451996922493, -0.0543404296040535, -0.3134113550186157, -0.1030997708439827, -0.03166088089346886, 0.013445829041302204, -0.01182534545660019, -0.07457298785448074, 0.021149853244423866, -0.14913412928581238, -0.06585722416639328, 0.06571701914072037, 0.11610536277294159, -0.0830221027135849, -0.10077423602342606, 0.20318782329559326, 0.01607489213347435, -0.22258545458316803, 0.011372445151209831, 0.057299815118312836, 0.2080201655626297, 0.2008308619260788, 0.11915325373411179, 0.022048939019441605, -0.1403856724500656, 0.14883725345134735, -0.1933487355709076, 0.017175061628222466, 0.1392977088689804, 0.1027914360165596, 0.07670702040195465, 0.030592329800128937, -0.1829569935798645, 0.06581686437129974, 0.12547136843204498, -0.19735926389694214, -0.00929083302617073, 0.03967946022748947, -0.14926955103874207, 0.001148962415754795, -0.08935818076133728, 0.23225806653499603, 0.060741595923900604, -0.1161445677280426, -0.13544884324073792, 0.1480284184217453, -0.18913394212722778, -0.07913025468587875, 0.04181504249572754, -0.1367323100566864, -0.16590875387191772, -0.3027849495410919, 0.007627763785421848, 0.41927939653396606, 0.137525275349617, -0.13687442243099213, 0.05961999297142029, 0.027192847803235054, -0.04138233885169029, 0.14041155576705933, 0.16612090170383453, -0.04478328302502632, -0.03143990412354469, -0.06062736362218857, -0.06696880608797073, 0.23862673342227936, -0.03852863237261772, -0.024532495066523552, 0.14297990500926971, -0.016163377091288567, 0.10400383174419403, 0.01432480476796627, -0.03616851568222046, -0.07785192131996155, 0.020331714302301407, -0.07111722975969315, -0.026937000453472137, -0.018803156912326813, -0.0507834330201149, 0.03960259258747101, 0.0902765691280365, -0.11863276362419128, 0.1305663138628006, -0.027067065238952637, 0.03265821188688278, -0.011609815061092377, -0.002208226127550006, -0.07704850286245346, -0.06189645826816559, 0.0961361825466156, -0.21144409477710724, 0.18094617128372192, 0.20764252543449402, 0.044268734753131866, 0.12263436615467072, 0.12187684327363968, 0.10420599579811096, -0.008321259170770645, 0.0347953662276268, -0.23597076535224915, -0.050383999943733215, 0.10859306901693344, -0.0022005713544785976, 0.16020427644252777, 0.023112980648875237]"
1,handsome,"[-0.15645554661750793, 0.08743861317634583, 0.0873250812292099, -0.040037475526332855, 0.0037949802353978157, -0.11895489692687988, 0.025455927476286888, -0.10933904349803925, 0.12700499594211578, -0.075382299721241, 0.2726139426231384, -0.09497039020061493, -0.23417672514915466, -0.10836118459701538, 0.01592274010181427, 0.2015269547700882, -0.10691919177770615, -0.1400601863861084, -0.05273905396461487, -0.05470205098390579, -0.009892838075757027, -0.06484166532754898, -0.017418162897229195, 0.07838481664657593, -0.06309879571199417, -0.35006216168403625, -0.09451956301927567, -0.10077844560146332, -0.027562545612454414, -0.034353651106357574, -0.04133835434913635, 0.05144577845931053, -0.19715309143066406, -0.06987103819847107, -0.017488066107034683, 0.06468117237091064, -0.0196082703769207, -0.04337439686059952, 0.20010985434055328, 0.028374621644616127, -0.1725202351808548, -0.03314502537250519, 0.015798307955265045, 0.2572852373123169, 0.1610964834690094, 0.0771883875131607, 0.05741577595472336, -0.06193089857697487, 0.04357275739312172, -0.16143441200256348, 0.05836021900177002, 0.11216175556182861, 0.10488612204790115, 0.046556103974580765, -0.0016253255307674408, -0.14544016122817993, 0.020173918455839157, 0.04751511663198471, -0.1692882776260376, 0.004217437002807856, 0.05303061753511429, -0.09961945563554764, -0.061682600528001785, -0.04970191419124603, 0.3219640851020813, 0.09574265778064728, -0.11513591557741165, -0.07673047482967377, 0.17977307736873627, -0.12516531348228455, -0.030943576246500015, 0.029553338885307312, -0.14696741104125977, -0.16458961367607117, -0.2883787155151367, 0.11762554943561554, 0.36867350339889526, 0.10178254544734955, -0.179545596241951, 0.06294029206037521, -0.10739364475011826, -0.0036918693222105503, 0.107609823346138, 0.1323966532945633, -0.020225737243890762, 0.010963285341858864, -0.07420352101325989, -0.04782784357666969, 0.18173059821128845, -0.027494903653860092, -0.05277852341532707, 0.16538912057876587, -0.055677466094493866, 0.024650193750858307, 0.004161274991929531, -0.03350057080388069, -0.02851305529475212, 0.007514031603932381, -0.04768968001008034, -0.04599620774388313, 0.0645199865102768, -0.050935208797454834, -0.01716422848403454, 0.0780414268374443, -0.20499709248542786, 0.07600374519824982, 0.007186283357441425, 0.026769645512104034, 0.029788872227072716, 0.06596682965755463, -0.06229168921709061, -0.12166446447372437, 0.09276928752660751, -0.2388290911912918, 0.20095986127853394, 0.18885062634944916, -0.01884654350578785, 0.12194174528121948, 0.06760960072278976, 0.12097235769033432, -0.0010410184040665627, 0.0043445248156785965, -0.15316247940063477, -0.03002176061272621, 0.1252635270357132, 0.032000832259655, 0.1202225387096405, 0.042095847427845]"
1,zyy,"[-0.06166372448205948, 0.04724380746483803, 0.052620258182287216, -0.10951058566570282, -0.1489505171775818, -0.007907753810286522, -0.0806085616350174, -0.08852796256542206, 0.1470133364200592, -0.15707188844680786, 0.17731600999832153, -0.03775227814912796, -0.19234955310821533, 0.0011739220935851336, 0.013219489715993404, 0.11773721873760223, -0.1466134488582611, -0.085019551217556, -0.0829581692814827, -0.09797421097755432, -0.025596771389245987, 0.10869727283716202, -0.029986442998051643, 0.006868940312415361, -0.08021093904972076, -0.3083292841911316, -0.09313200414180756, -0.040802787989377975, 0.06116437166929245, -0.026526881381869316, -0.02099984511733055, 0.09551861137151718, -0.08849270641803741, 0.0021456480026245117, 0.04146673530340195, 0.09896735101938248, -0.08611127734184265, -0.07193844020366669, 0.1731048822402954, 0.016027158126235008, -0.175119549036026, -0.05812431126832962, 0.03498799353837967, 0.23092366755008698, 0.20572525262832642, 0.030675562098622322, 0.03008343279361725, -0.08609678596258163, 0.1560116410255432, -0.24656406044960022, 0.07372009009122849, 0.1624779999256134, 0.004885711241513491, 0.08474688231945038, 0.051610417664051056, -0.153619185090065, 0.015424026176333427, 0.16065436601638794, -0.14499413967132568, 0.0747288316488266, 0.1065676137804985, -0.10006068646907806, -0.06615884602069855, -0.06684044748544693, 0.2392977774143219, 0.1370273381471634, -0.12090420722961426, -0.1877995878458023, 0.16913346946239471, -0.17182233929634094, -0.10172956436872482, 0.07685450464487076, -0.15632177889347076, -0.14319485425949097, -0.22601176798343658, 0.04481036216020584, 0.448912650346756, 0.11833758652210236, -0.0917985811829567, 0.010190046392381191, -0.027067726477980614, -0.04617718607187271, 0.13778945803642273, 0.10542527586221695, -0.0669257640838623, -0.09075246751308441, -0.03748106211423874, 0.021798595786094666, 0.24382038414478302, -0.0258804839104414, -0.04273797944188118, 0.21541626751422882, 0.0032078903168439865, 0.07144630700349808, 0.018635708838701248, 0.04401947185397148, -0.04251041263341904, 0.01580408215522766, -0.07285429537296295, -0.0001983214169740677, 0.10558062791824341, -0.14365339279174805, 0.020423850044608116, 0.14368698000907898, -0.14711333811283112, 0.23169806599617004, -0.01798955351114273, 0.08031605184078217, 0.09264121204614639, -0.0018646009266376495, -0.08525898307561874, -0.04386284947395325, 0.22042356431484222, -0.20341038703918457, 0.1722685694694519, 0.14127205312252045, 0.07770561426877975, 0.14811266958713531, 0.07320529967546463, 0.14049172401428223, 0.00961990561336279, -0.030729005113244057, -0.20593029260635376, -0.04092186689376831, 0.01600078120827675, -0.010725664906203747, 0.006291116587817669, 0.0636126771569252]"
1,zyy,"[-0.10172292590141296, 0.08440334349870682, 0.07633480429649353, -0.05701550841331482, -0.12972374260425568, -0.027107343077659607, -0.039778247475624084, -0.11887654662132263, 0.11561209708452225, -0.08296339958906174, 0.24598225951194763, -0.08981297165155411, -0.21749204397201538, -0.08547346293926239, 0.0035920850932598114, 0.12372099608182907, -0.1363251954317093, -0.1291927993297577, -0.029964180663228035, -0.07668513059616089, 0.06694334745407104, 0.0347772054374218, -0.008321399800479412, 0.04812350496649742, -0.15526780486106873, -0.3761739134788513, -0.14679379761219025, -0.16536147892475128, -0.03209809213876724, -0.11552286148071289, -0.0440179668366909, 0.04033491387963295, -0.16055038571357727, -0.04988823086023331, -0.02627512440085411, 0.04497623071074486, 0.0057844421826303005, -0.05426335334777832, 0.07879137992858887, -0.007204944267868996, -0.1795099973678589, -0.04789994657039642, 0.01627970114350319, 0.22753094136714935, 0.18141582608222961, 0.025552920997142792, 0.031829316169023514, -0.027297914028167725, 0.0018352309707552195, -0.15729272365570068, 0.04303960129618645, 0.12771691381931305, 0.05615973845124245, 0.05034475773572922, -0.03404010459780693, -0.08689325302839279, -0.042497552931308746, 0.057049017399549484, -0.1571960598230362, 0.03466460853815079, 0.08160960674285889, -0.11419884115457535, -0.12020096182823181, -0.038557276129722595, 0.2650105357170105, 0.1283411681652069, -0.11580588668584824, -0.1598668396472931, 0.14104285836219788, -0.16178201138973236, -0.09346041083335876, 0.03462132811546326, -0.21471400558948517, -0.16164448857307434, -0.25371053814888, 0.07653690874576569, 0.3993491530418396, 0.0660521388053894, -0.19692926108837128, 0.014742519706487656, -0.14131774008274078, 0.05202847719192505, 0.05432050675153732, 0.08679570257663727, 0.012919045984745026, 0.05355313792824745, -0.10231175273656845, 0.08727855980396271, 0.17813695967197418, -0.11299704760313034, -0.03573961928486824, 0.24020424485206604, -0.057422149926424026, 0.06191304326057434, 0.05466323345899582, 0.0489199161529541, -0.017296329140663147, -0.0040257335640490055, -0.06251828372478485, -0.030478300526738167, 0.14881186187267303, -0.037179529666900635, -0.028341099619865417, 0.12265771627426147, -0.13326707482337952, 0.13175883889198303, 0.003662246046587825, 0.019074369221925735, 0.03464188426733017, -0.036298707127571106, -0.09129632264375687, -0.11468695104122162, 0.21053840219974518, -0.19080765545368195, 0.15350282192230225, 0.19040431082248688, 0.022072166204452515, 0.122818224132061, 0.04891296103596687, 0.07688521593809128, -0.022811390459537506, -0.06306624412536621, -0.20474012196063995, 0.007117364089936018, 0.1032746210694313, -0.011070197448134422, 0.00921541266143322, -0.004397395066916943]"
1,zyy,"[-0.07739167660474777, 0.09382133185863495, 0.06843554228544235, -0.029041625559329987, -0.10265111178159714, -0.035472020506858826, -0.09050799906253815, -0.1337440460920334, 0.10442648082971573, -0.07608024775981903, 0.20235088467597961, -0.05941978469491005, -0.25321313738822937, -0.11290665715932846, 0.029175536707043648, 0.11348439007997513, -0.20673859119415283, -0.12151224911212921, -0.012426299042999744, -0.05376635864377022, 0.03468947112560272, 0.06344997137784958, 0.05134180560708046, 0.04341158643364906, -0.1857999861240387, -0.42516112327575684, -0.1579885482788086, -0.14842672646045685, 0.032766565680503845, -0.05812717229127884, -0.09658578038215637, 0.010477361269295216, -0.20593126118183136, -0.0671972781419754, 0.02434718608856201, 0.07451073825359344, -0.017341110855340958, -0.05531155318021774, 0.11950676888227463, 0.03929441422224045, -0.14172549545764923, -0.05623851343989372, -0.007081763818860054, 0.25138455629348755, 0.20458251237869263, 0.057493992149829865, 0.04827411100268364, -0.023760804906487465, 0.006340500898659229, -0.1595543771982193, 0.14014233648777008, 0.15797023475170135, 0.06714969128370285, 0.05741306394338608, 0.03148709237575531, -0.08771289885044098, -0.04539790749549866, 0.10970611125230789, -0.16759274899959564, 0.06474059075117111, 0.0904732197523117, -0.052760180085897446, -0.0690530464053154, -0.008468426764011383, 0.2383742332458496, 0.11499356478452682, -0.11001116037368774, -0.1267683207988739, 0.13958844542503357, -0.18030130863189697, -0.08832929283380508, -0.0017889118753373623, -0.18726925551891327, -0.15126104652881622, -0.3291640281677246, 0.05268453061580658, 0.4113936424255371, 0.11875814199447632, -0.21252772212028503, -0.029239695519208908, -0.055511604994535446, -0.003227534703910351, 0.1319347769021988, 0.09545291215181351, -0.04049210995435715, 0.0438571572303772, -0.08206774294376373, 0.11985725909471512, 0.16914299130439758, -0.038298483937978745, -0.07828878611326218, 0.2309897243976593, -0.047862231731414795, 0.054534491151571274, 0.09382545202970505, 0.040228839963674545, -0.015588454902172089, -0.05158621445298195, -0.0984792411327362, -0.02894524671137333, 0.1489836722612381, -0.03566410392522812, -0.03418350964784622, 0.171158105134964, -0.10644488781690598, 0.10267311334609985, 0.02519483119249344, -0.03480202332139015, 0.031690049916505814, -0.013963645324110985, -0.16363297402858734, -0.12534688413143158, 0.19209232926368713, -0.2100100815296173, 0.17507094144821167, 0.1986587941646576, -0.011412814259529114, 0.11402416229248047, 0.018907539546489716, 0.060932137072086334, -0.02217833325266838, -0.059114009141922, -0.16898949444293976, -0.057004544883966446, 0.09249178320169449, 0.008939974941313267, 0.08508075028657913, -0.010972540825605392]"
1,ly,"[-0.14754723012447357, 0.10823030769824982, 0.08022288233041763, -0.14097745716571808, -0.07597753405570984, -0.019803371280431747, -0.03135456144809723, -0.1217268705368042, 0.1541968584060669, -0.09062624722719193, 0.21909840404987335, -0.09486788511276245, -0.2351168990135193, -0.03857354447245598, -0.012335468083620071, 0.20781110227108002, -0.13468965888023376, -0.14643140137195587, -0.05410145968198776, -0.07087759673595428, -0.02922983095049858, 0.02912876196205616, 0.02575768530368805, 0.12475457042455673, -0.07793748378753662, -0.33623772859573364, -0.07852098345756531, -0.11118568480014801, -0.05496910586953163, 0.013026243075728416, -0.00982975959777832, 0.05817278474569321, -0.2398451566696167, -0.01335500180721283, -0.0022145891562104225, 0.025072386488318443, 0.0014798525953665376, -0.05010814592242241, 0.15292079746723175, -0.00934045109897852, -0.2150239795446396, -0.04649084433913231, 0.06333416700363159, 0.23357972502708435, 0.19377544522285461, -0.04067935422062874, 0.022353999316692352, -0.07008948922157288, 0.027357717975974083, -0.19353722035884857, 0.04800617694854736, 0.10237385332584381, 0.08533381670713425, 0.039528604596853256, -0.03280869126319885, -0.15943871438503265, -0.04657213017344475, 0.09178512543439865, -0.1391095072031021, -0.015089440159499645, 0.010014624334871769, -0.06927841156721115, -0.09990264475345612, -0.13249169290065765, 0.321459025144577, 0.14571769535541534, -0.1493617743253708, -0.1760086715221405, 0.1890166699886322, -0.08791083842515945, -0.017553837969899178, 0.08133327960968018, -0.2066434770822525, -0.15071043372154236, -0.28013089299201965, 0.09277179837226868, 0.36289411783218384, 0.08472160249948502, -0.18701720237731934, 0.05525517091155052, -0.1622655987739563, 0.04274416342377663, -0.0354437418282032, 0.11687449365854263, -0.003513600677251816, 0.03965969756245613, 0.002590893767774105, 0.045051272958517075, 0.16765914857387543, -0.09746336936950684, -0.06425043195486069, 0.22033092379570007, -0.04130605608224869, 0.005788314156234264, -0.009349368512630463, 0.02251388691365719, -0.0185714028775692, -0.011822108179330826, -0.14928099513053894, -0.020455125719308853, -0.000710928812623024, -0.00018830038607120514, 0.006952363532036543, 0.1182052344083786, -0.2255740761756897, 0.1191762313246727, 0.041565269231796265, -0.030180880799889565, 0.015959307551383972, 0.07874298095703125, -0.04232615604996681, -0.13099895417690277, 0.1525869518518448, -0.23407165706157684, 0.19043061137199402, 0.14993402361869812, 0.05817202851176262, 0.16638003289699554, 0.0355302169919014, 0.11102652549743652, 0.0009092194959521294, -0.005574066191911697, -0.12097484618425369, -0.0004279653658159077, 0.16291916370391846, -0.0009370329789817333, 0.06311938911676407, 0.06376666575670242]"
1,ly,"[-0.15626399219036102, 0.09870690107345581, 0.09549079090356827, -0.12296649813652039, -0.07217750698328018, -0.0344679169356823, -0.04003303125500679, -0.10682111978530884, 0.10816270858049393, -0.0992971658706665, 0.25213730335235596, -0.11536045372486115, -0.21576792001724243, -0.0550733357667923, -0.006874433718621731, 0.18288391828536987, -0.12381015717983246, -0.1580321043729782, -0.02040959522128105, -0.07024847716093063, -0.012684251181781292, 0.03088170289993286, -0.020415134727954865, 0.12117041647434235, -0.07970269024372101, -0.31840285658836365, -0.08581769466400146, -0.13003337383270264, -0.023274535313248634, -0.0030915113165974617, -0.038693659007549286, 0.015642153099179268, -0.253732830286026, -0.0459212027490139, -0.022035488858819008, 0.026603607460856438, 0.008874557912349701, -0.01565839722752571, 0.1591048687696457, 0.04355156421661377, -0.18217988312244415, -0.01874539814889431, 0.032342590391635895, 0.2597748339176178, 0.1528564691543579, 0.017362626269459724, 0.02614714577794075, -0.0738588497042656, 0.009733119048178196, -0.1661427915096283, 0.06642895936965942, 0.09078966826200485, 0.10443224757909775, 0.024195509031414986, -0.05736858397722244, -0.14680831134319305, -0.03705665469169617, 0.08068256080150604, -0.1619430035352707, 0.051343776285648346, 0.05933042988181114, -0.09152477979660034, -0.09148454666137695, -0.10003659129142761, 0.34667426347732544, 0.12415607273578644, -0.1278461068868637, -0.16024072468280792, 0.18935205042362213, -0.08894897997379303, -0.05800146982073784, 0.08232347667217255, -0.15836133062839508, -0.11404296010732651, -0.297467440366745, 0.12585420906543732, 0.3704479932785034, 0.06151505187153816, -0.20119023323059082, 0.041604287922382355, -0.13554514944553375, 0.04044231027364731, 0.05775490775704384, 0.1093524843454361, -0.005762932822108269, 0.022228073328733444, -0.0206204354763031, 0.01925867795944214, 0.1789836585521698, -0.059810083359479904, -0.05699926242232323, 0.182339608669281, -0.040621183812618256, 0.03776831179857254, 0.02730095572769642, 0.02358957752585411, -0.015162414871156216, -0.018897971138358116, -0.1186051145195961, 0.0005080346018075943, -0.005416656844317913, -0.010544149205088615, -0.009968431666493416, 0.11084365099668503, -0.1922079175710678, 0.0900295078754425, 0.02670588530600071, -0.056809209287166595, -0.01053209975361824, 0.07427973300218582, -0.0653059184551239, -0.1279011070728302, 0.13763870298862457, -0.2429419904947281, 0.19070006906986237, 0.15321417152881622, 0.05583268031477928, 0.14139501750469208, 0.07231644541025162, 0.09110952168703079, -0.011752262711524963, -0.010335428640246391, -0.15912827849388123, -0.017390817403793335, 0.16564646363258362, -0.012535618618130684, 0.10305006057024002, 0.055211301892995834]"
1,ly,"[-0.1434382200241089, 0.10898218303918839, 0.055310338735580444, -0.10003422200679779, -0.06397241353988647, -0.02527543157339096, -0.05034695938229561, -0.07791662216186523, 0.15577548742294312, -0.11035965383052826, 0.24131476879119873, -0.09338697046041489, -0.2125042974948883, -0.060859743505716324, -0.009562743827700615, 0.19219715893268585, -0.12842784821987152, -0.14513429999351501, -0.039244215935468674, -0.09778633713722229, -0.03092939965426922, -0.008231999352574348, -0.012745894491672516, 0.09910176694393158, -0.07510402798652649, -0.3270518481731415, -0.07020852714776993, -0.12033606320619583, -0.01819959096610546, -0.04518214985728264, -0.02648419514298439, 0.029027150943875313, -0.2608718276023865, -0.09043098986148834, -0.03454640880227089, 0.02230939269065857, 0.0032283503096550703, -0.006410397123545408, 0.1640281081199646, 0.04571196436882019, -0.15292435884475708, -0.03085695393383503, 0.015661820769309998, 0.26449790596961975, 0.15906468033790588, 0.0254516638815403, 0.03526484966278076, -0.07444600015878677, 0.032017286866903305, -0.17827410995960236, 0.06654379516839981, 0.09044573456048965, 0.08743913471698761, 0.0401594415307045, -0.04515177756547928, -0.1223415657877922, -0.02188936062157154, 0.0855032354593277, -0.14611195027828217, 0.04673699662089348, 0.07692237943410873, -0.060526322573423386, -0.09600424766540527, -0.07278726249933243, 0.3508215844631195, 0.12062694132328033, -0.09831701219081879, -0.16072329878807068, 0.20927298069000244, -0.07885290682315826, -0.040890954434871674, 0.06973659247159958, -0.1295553594827652, -0.12662182748317719, -0.2869075536727905, 0.12875837087631226, 0.3554413318634033, 0.09293518960475922, -0.162669375538826, 0.048726752400398254, -0.14466796815395355, 0.010344668291509151, 0.0312722809612751, 0.09865845739841461, -0.02764378860592842, 0.03775332123041153, -0.0037249778397381306, 0.03883478045463562, 0.17519156634807587, -0.01798609271645546, -0.06200948730111122, 0.19650974869728088, -0.03182733803987503, 0.025330841541290283, 0.032777465879917145, 0.019414782524108887, -0.036668457090854645, -0.019817356020212173, -0.13259385526180267, -0.03621308505535126, 0.03650221228599548, -0.010280714370310307, 0.005352425388991833, 0.11611047387123108, -0.1864699423313141, 0.10938574373722076, -0.010094442404806614, -0.019080132246017456, -0.0007632817141711712, 0.0863659456372261, -0.04896654933691025, -0.11559060215950012, 0.14060819149017334, -0.2150866538286209, 0.16913793981075287, 0.14392627775669098, 0.06638195365667343, 0.128498375415802, 0.07946795970201492, 0.09184614568948746, 0.004629949107766151, -0.013330496847629547, -0.16895361244678497, -0.015474583953619003, 0.1294897198677063, -0.004440858960151672, 0.09650657325983047, 0.06913656741380692]"
